{
  "version": "1.0",
  "defaultProvider": "cdnjs",
  "libraries": [
    {
      "library": "twitter-bootstrap@4.3.1",
      "destination": "wwwroot/lib/bootstrap/"
    },
    {
      "library": "jquery-validate@1.19.5",
      "destination": "wwwroot/lib/jquery-validate/"
    },
    {
      "library": "jquery-validation-unobtrusive@4.0.0",
      "destination": "wwwroot/lib/jquery-validation-unobtrusive/"
    },
    {
      "library": "jquery@2.0.0",
      "destination": "wwwroot/lib/jquery/"
    },
    {
      "library": "pqGrid@3.5.1",
      "destination": "wwwroot/lib/pqGrid/"
    },
    {
      "library": "jquery@3.6.1",
      "destination": "wwwroot/lib/jquery/"
    },
    {
      "library": "jqueryui@1.13.2",
      "destination": "wwwroot/lib/jqueryui/"
    },
    {
      "library": "jqgrid@5.7.0",
      "destination": "wwwroot/lib/jqgrid/"
    },
    {
      "library": "toastr.js@2.1.4",
      "destination": "wwwroot/lib/toastr.js/"
    }
  ,
{
  "library": "jqueryui@1.13.2",
  "destination": "wwwroot/lib/jqueryui/"
}
]
}